Workbook

Sheet SolutionVerification_Orig
A1: N | B1: Ins | C1: Alg | D1: xSol | E1: numScens | F1: b | G1: Obj | H1: vs xMain | I1: Diff Obj
A2: 30 | B2: 1 | C2: xLazy | D2: [ 0 1 2 32 39 52 63 85 105 178] | E2: 100000 | F2: 10 | G2: 564.13479 | H2: =VLOOKUP(A2&B2,Sheet2!A:I,8,FALSE) -> 564.13479 | I2: =G2-H2 -> 0
A3: 30 | B3: 1 | C3: xMain | D3: [ 0 1 2 3 4 5 6 32 63 85] | E3: 100000 | F3: 10 | G3: 564.13479 | H3: =VLOOKUP(A3&B3,Sheet2!A:I,8,FALSE) -> 564.13479 | I3: =G3-H3 -> 0
A4: 30 | B4: 1 | C4: xSAA | D4: [ 0 1 2 3 24 25 63 85 32 139] | E4: 100000 | F4: 10 | G4: 564.13479 | H4: =VLOOKUP(A4&B4,Sheet2!A:I,8,FALSE) -> 564.13479 | I4: =G4-H4 -> 0
A5: 30 | B5: 1 | C5: xSAA_AP | D5: [ 1 2 3 24 25 26 63 85 32 139] | E5: 100000 | F5: 10 | G5: 564.13479 | H5: =VLOOKUP(A5&B5,Sheet2!A:I,8,FALSE) -> 564.13479 | I5: =G5-H5 -> 0
A6: 30 | B6: 1 | C6: xSeq | D6: [ 0 1 2 3 24 25 63 85 32 139] | E6: 100000 | F6: 10 | G6: 564.13479 | H6: =VLOOKUP(A6&B6,Sheet2!A:I,8,FALSE) -> 564.13479 | I6: =G6-H6 -> 0
A7: 30 | B7: 2 | C7: xLazy | D7: [ 0 1 2 3 7 17 55 110 119 143] | E7: 100000 | F7: 10 | G7: 463.72987 | H7: =VLOOKUP(A7&B7,Sheet2!A:I,8,FALSE) -> 463.72987 | I7: =G7-H7 -> 0
A8: 30 | B8: 2 | C8: xMain | D8: [ 0 1 2 15 17 55 59 101 110 119] | E8: 100000 | F8: 10 | G8: 463.72987 | H8: =VLOOKUP(A8&B8,Sheet2!A:I,8,FALSE) -> 463.72987 | I8: =G8-H8 -> 0
A9: 30 | B9: 2 | C9: xSAA | D9: [ 0 2 17 42 55 143 59 75 119 110] | E9: 100000 | F9: 10 | G9: 463.72987 | H9: =VLOOKUP(A9&B9,Sheet2!A:I,8,FALSE) -> 463.72987 | I9: =G9-H9 -> 0
A10: 30 | B10: 2 | C10: xSAA_AP | D10: [ 0 1 2 3 4 17 55 143 119 110] | E10: 100000 | F10: 10 | G10: 463.72987 | H10: =VLOOKUP(A10&B10,Sheet2!A:I,8,FALSE) -> 463.72987 | I10: =G10-H10 -> 0
A11: 30 | B11: 2 | C11: xSeq | D11: [ 0 1 2 17 55 143 101 75 119 110] | E11: 100000 | F11: 10 | G11: 463.72987 | H11: =VLOOKUP(A11&B11,Sheet2!A:I,8,FALSE) -> 463.72987 | I11: =G11-H11 -> 0
A12: 30 | B12: 3 | C12: xLazy | D12: [ 0 1 39 52 78 79 91 105 141 186] | E12: 100000 | F12: 10 | G12: 275 | H12: =VLOOKUP(A12&B12,Sheet2!A:I,8,FALSE) -> 275 | I12: =G12-H12 -> 0
A13: 30 | B13: 3 | C13: xMain | D13: [ 0 1 2 3 4 76 79 84 91 141] | E13: 100000 | F13: 10 | G13: 275 | H13: =VLOOKUP(A13&B13,Sheet2!A:I,8,FALSE) -> 275 | I13: =G13-H13 -> 0
... A127: 50 | B127: 10 | C127: xSeq | D127: [ 39 59 63 66 68 73 512 387 350 102] | E127: 100000 | F127: 10 | G127: 337.71936 | H127: =VLOOKUP(A127&B127,Sheet2!A:I,8,FALSE) -> #N/A | I127: =G127-H127 -> #N/A

Sheet SolutionVerification
A1: N | B1: Ins | C1: Alg | D1: xSol | E1: numScens | F1: b | G1: Obj | H1: vs xMain | I1: Diff Obj
A2: 30 | B2: 1 | C2: xLazy | D2: [ 0 1 2 32 39 52 63 85 105 178] | E2: 100000 | F2: 10 | G2: 564.13479 | H2: =VLOOKUP(A2&B2,Sheet2!A:I,8,FALSE) -> 564.13479 | I2: =G2-H2 -> 0
A3: 30 | B3: 2 | C3: xLazy | D3: [ 0 1 2 3 7 17 55 110 119 143] | E3: 100000 | F3: 10 | G3: 463.72987 | H3: =VLOOKUP(A3&B3,Sheet2!A:I,8,FALSE) -> 463.72987 | I3: =G3-H3 -> 0
A4: 30 | B4: 3 | C4: xLazy | D4: [ 0 1 39 52 78 79 91 105 141 186] | E4: 100000 | F4: 10 | G4: 275 | H4: =VLOOKUP(A4&B4,Sheet2!A:I,8,FALSE) -> 275 | I4: =G4-H4 -> 0
A5: 30 | B5: 4 | C5: xLazy | D5: [ 2 3 4 5 7 91 126 132 152 159] | E5: 100000 | F5: 10 | G5: 397.00173 | H5: =VLOOKUP(A5&B5,Sheet2!A:I,8,FALSE) -> 397.00173 | I5: =G5-H5 -> 0
A6: 30 | B6: 5 | C6: xLazy | D6: [ 1 2 34 37 39 50 53 69 106 176] | E6: 100000 | F6: 10 | G6: 321.3998 | H6: =VLOOKUP(A6&B6,Sheet2!A:I,8,FALSE) -> 321.3998 | I6: =G6-H6 -> 0
A7: 30 | B7: 7 | C7: xLazy | D7: [ 0 1 2 3 4 5 9 58 133 164] | E7: 100000 | F7: 10 | G7: 388 | H7: =VLOOKUP(A7&B7,Sheet2!A:I,8,FALSE) -> 388 | I7: =G7-H7 -> 0
A8: 30 | B8: 8 | C8: xLazy | D8: [ 0 1 2 3 4 5 39 58 75 172] | E8: 100000 | F8: 10 | G8: 330 | H8: =VLOOKUP(A8&B8,Sheet2!A:I,8,FALSE) -> 330 | I8: =G8-H8 -> 0
A9: 30 | B9: 9 | C9: xLazy | D9: [ 0 3 11 127 134 146 155 161 163 164] | E9: 100000 | F9: 10 | G9: 371.00941 | H9: =VLOOKUP(A9&B9,Sheet2!A:I,8,FALSE) -> 371.00941 | I9: =G9-H9 -> 0
A10: 30 | B10: 10 | C10: xLazy | D10: [ 0 2 4 5 25 38 52 67 98 153] | E10: 100000 | F10: 10 | G10: 688.06319 | H10: =VLOOKUP(A10&B10,Sheet2!A:I,8,FALSE) -> 688.06319 | I10: =G10-H10 -> 0
A11: 40 | B11: 1 | C11: xLazy | D11: [ 0 1 40 59 90 205 243 254 277 320] | E11: 100000 | F11: 10 | G11: 509.2327 | H11: =VLOOKUP(A11&B11,Sheet2!A:I,8,FALSE) -> 509.2327 | I11: =G11-H11 -> 0
A12: 40 | B12: 2 | C12: xLazy | D12: [ 0 2 4 57 165 170 253 272 289 299] | E12: 100000 | F12: 10 | G12: 496.95441 | H12: =VLOOKUP(A12&B12,Sheet2!A:I,8,FALSE) -> 496.95441 | I12: =G12-H12 -> 0
A13: 40 | B13: 3 | C13: xLazy | D13: [ 1 2 6 50 60 135 139 155 157 177] | E13: 100000 | F13: 10 | G13: 454.51928 | H13: =VLOOKUP(A13&B13,Sheet2!A:I,8,FALSE) -> 454.51928 | I13: =G13-H13 -> 0
... A97: 50 | B97: 9 | C97: xSeq | D97: [ 1 4 77 128 244 283 352 427 270 472] | E97: 100000 | F97: 10 | G97: 353.47811 | H97: =VLOOKUP(A97&B97,Sheet2!A:I,8,FALSE) -> 353.47811 | I97: =G97-H97 -> 0

Sheet N40_SAA
A1: N | B1: Ins | C1: Alg | D1: xSol | E1: numScens | F1: b | G1: Obj | H1: vs xMain | I1: Diff Obj | J1: Column1
A2: 40 | B2: 10 | C2: xSAA | D2: [ 0 1 5 17 106 292 174 234 249 299] | E2: 100000 | F2: 10 | G2: 486.51259 | H2: 486.51259 | I2: 0 | J2: =Table2[[#This Row],[Diff Obj]]/Table2[[#This Row],[vs xMain]] -> 0
A3: 40 | B3: 9 | C3: xSAA | D3: [ 0 50 53 71 25 48 36 308 228 232] | E3: 100000 | F3: 10 | G3: 458.16802 | H3: 458.16802 | I3: 0 | J3: =Table2[[#This Row],[Diff Obj]]/Table2[[#This Row],[vs xMain]] -> 0
A4: 40 | B4: 8 | C4: xSAA | D4: [ 0 1 2 3 39 40 44 225 210 211] | E4: 100000 | F4: 10 | G4: 584.99393 | H4: 584.9982 | I4: -0.004271257 | J4: =Table2[[#This Row],[Diff Obj]]/Table2[[#This Row],[vs xMain]] -> -7.3013165e-06
A5: 40 | B5: 7 | C5: xSAA | D5: [ 0 1 2 3 4 5 234 200 260 274] | E5: 100000 | F5: 10 | G5: 168 | H5: 168 | I5: 0 | J5: =Table2[[#This Row],[Diff Obj]]/Table2[[#This Row],[vs xMain]] -> 0
A6: 40 | B6: 6 | C6: xSAA | D6: [ 0 3 4 5 118 236 137 292 250 270] | E6: 100000 | F6: 10 | G6: 264.1381 | H6: 264.17243 | I6: -0.034324727 | J6: =Table2[[#This Row],[Diff Obj]]/Table2[[#This Row],[vs xMain]] -> -0.00012993304
A7: 40 | B7: 3 | C7: xSAA | D7: [ 1 2 6 50 60 155 157 135 177 139] | E7: 100000 | F7: 10 | G7: 454.51928 | H7: 454.51928 | I7: 0 | J7: =Table2[[#This Row],[Diff Obj]]/Table2[[#This Row],[vs xMain]] -> 0
A8: 40 | B8: 2 | C8: xSAA | D8: [ 0 2 4 57 170 253 272 289 299 165] | E8: 100000 | F8: 10 | G8: 496.95441 | H8: 496.95441 | I8: 0 | J8: =Table2[[#This Row],[Diff Obj]]/Table2[[#This Row],[vs xMain]] -> 0
A9: 40 | B9: 1 | C9: xSAA | D9: [ 0 1 40 90 320 277 205 243 59 254] | E9: 100000 | F9: 10 | G9: 509.2327 | H9: 509.2327 | I9: 0 | J9: =Table2[[#This Row],[Diff Obj]]/Table2[[#This Row],[vs xMain]] -> 0
I11: =AVERAGE(Table2[Diff Obj]) -> -0.0048244981 | J11: =AVERAGE(Table2[Column1]) -> -1.7154295e-05

Sheet N40_SAA-AP
A1: N | B1: Ins | C1: Alg | D1: xSol | E1: numScens | F1: b | G1: Obj | H1: vs xMain | I1: Diff Obj | J1: Column1
A2: 40 | B2: 10 | C2: xSAA_AP | D2: [ 0 1 5 17 106 292 174 234 249 299] | E2: 100000 | F2: 10 | G2: 486.51259 | H2: 486.51259 | I2: 0 | J2: =Table5[[#This Row],[Diff Obj]]/Table5[[#This Row],[vs xMain]] -> 0
A3: 40 | B3: 9 | C3: xSAA_AP | D3: [ 0 50 53 71 25 48 36 308 228 232] | E3: 100000 | F3: 10 | G3: 458.16802 | H3: 458.16802 | I3: 0 | J3: =Table5[[#This Row],[Diff Obj]]/Table5[[#This Row],[vs xMain]] -> 0
A4: 40 | B4: 8 | C4: xSAA_AP | D4: [ 0 1 2 3 39 40 44 225 210 211] | E4: 100000 | F4: 10 | G4: 584.99393 | H4: 584.9982 | I4: -0.004271257 | J4: =Table5[[#This Row],[Diff Obj]]/Table5[[#This Row],[vs xMain]] -> -7.3013165e-06
A5: 40 | B5: 7 | C5: xSAA_AP | D5: [ 0 1 2 3 4 5 234 200 260 274] | E5: 100000 | F5: 10 | G5: 168 | H5: 168 | I5: 0 | J5: =Table5[[#This Row],[Diff Obj]]/Table5[[#This Row],[vs xMain]] -> 0
A6: 40 | B6: 6 | C6: xSAA_AP | D6: [ 0 3 5 9 118 236 125 292 210 250] | E6: 100000 | F6: 10 | G6: 264.17243 | H6: 264.17243 | I6: 0 | J6: =Table5[[#This Row],[Diff Obj]]/Table5[[#This Row],[vs xMain]] -> 0
A7: 40 | B7: 3 | C7: xSAA_AP | D7: [ 1 2 6 50 60 155 157 135 177 139] | E7: 100000 | F7: 10 | G7: 454.51928 | H7: 454.51928 | I7: 0 | J7: =Table5[[#This Row],[Diff Obj]]/Table5[[#This Row],[vs xMain]] -> 0
A8: 40 | B8: 2 | C8: xSAA_AP | D8: [ 0 2 4 57 170 253 272 289 299 165] | E8: 100000 | F8: 10 | G8: 496.95441 | H8: 496.95441 | I8: 0 | J8: =Table5[[#This Row],[Diff Obj]]/Table5[[#This Row],[vs xMain]] -> 0
A9: 40 | B9: 1 | C9: xSAA_AP | D9: [ 0 1 40 90 320 277 205 243 59 254] | E9: 100000 | F9: 10 | G9: 509.2327 | H9: 509.2327 | I9: 0 | J9: =Table5[[#This Row],[Diff Obj]]/Table5[[#This Row],[vs xMain]] -> 0
I11: =AVERAGE(Table5[Diff Obj]) -> -0.00053390713 | J11: =AVERAGE(Table5[Column1]) -> -9.1266456e-07

Sheet N40_Seq
A1: N | B1: Ins | C1: Alg | D1: xSol | E1: numScens | F1: b | G1: Obj | H1: vs xMain | I1: Diff Obj | J1: Column1
A2: 40 | B2: 10 | C2: xSeq | D2: [ 0 1 5 17 106 292 174 234 249 299] | E2: 100000 | F2: 10 | G2: 486.51259 | H2: 486.51259 | I2: 0 | J2: =Table6[[#This Row],[Diff Obj]]/Table6[[#This Row],[vs xMain]] -> 0
A3: 40 | B3: 9 | C3: xSeq | D3: [ 0 50 53 71 186 25 48 36 308 228] | E3: 100000 | F3: 10 | G3: 458.16802 | H3: 458.16802 | I3: 0 | J3: =Table6[[#This Row],[Diff Obj]]/Table6[[#This Row],[vs xMain]] -> 0
A4: 40 | B4: 8 | C4: xSeq | D4: [ 0 1 2 3 39 40 41 44 225 211] | E4: 100000 | F4: 10 | G4: 584.99393 | H4: 584.9982 | I4: -0.004271257 | J4: =Table6[[#This Row],[Diff Obj]]/Table6[[#This Row],[vs xMain]] -> -7.3013165e-06
A5: 40 | B5: 7 | C5: xSeq | D5: [ 0 1 2 3 4 5 234 200 260 274] | E5: 100000 | F5: 10 | G5: 168 | H5: 168 | I5: 0 | J5: =Table6[[#This Row],[Diff Obj]]/Table6[[#This Row],[vs xMain]] -> 0
A6: 40 | B6: 6 | C6: xSeq | D6: [ 0 1 2 3 4 5 118 236 292 250] | E6: 100000 | F6: 10 | G6: 264.09418 | H6: 264.17243 | I6: -0.0782443 | J6: =Table6[[#This Row],[Diff Obj]]/Table6[[#This Row],[vs xMain]] -> -0.00029618647
A7: 40 | B7: 3 | C7: xSeq | D7: [ 1 2 6 50 60 155 157 135 177 139] | E7: 100000 | F7: 10 | G7: 454.51928 | H7: 454.51928 | I7: 0 | J7: =Table6[[#This Row],[Diff Obj]]/Table6[[#This Row],[vs xMain]] -> 0
A8: 40 | B8: 2 | C8: xSeq | D8: [ 0 2 4 57 170 253 272 289 299 165] | E8: 100000 | F8: 10 | G8: 496.95441 | H8: 496.95441 | I8: 0 | J8: =Table6[[#This Row],[Diff Obj]]/Table6[[#This Row],[vs xMain]] -> 0
A9: 40 | B9: 1 | C9: xSeq | D9: [ 0 1 40 90 320 277 205 243 59 254] | E9: 100000 | F9: 10 | G9: 509.2327 | H9: 509.2327 | I9: 0 | J9: =Table6[[#This Row],[Diff Obj]]/Table6[[#This Row],[vs xMain]] -> 0
I11: =AVERAGE(Table6[Diff Obj]) -> -0.010314445 | J11: =AVERAGE(Table6[Column1]) -> -3.7935974e-05

Sheet N50_Lazy
A1: N | B1: Ins | C1: Alg | D1: xSol | E1: numScens | F1: b | G1: Obj | H1: vs xMain | I1: Diff Obj | J1: Column1
A2: 50 | B2: 9 | C2: xLazy | D2: [ 1 4 77 128 244 270 283 352 427 472] | E2: 100000 | F2: 10 | G2: 353.47811 | H2: 353.47811 | I2: 0 | J2: =Table3[[#This Row],[Diff Obj]]/Table3[[#This Row],[vs xMain]] -> 0
A3: 50 | B3: 8 | C3: xLazy | D3: [ 2 105 119 137 144 148 201 232 378 483] | E3: 100000 | F3: 10 | G3: 168 | H3: 168 | I3: 0 | J3: =Table3[[#This Row],[Diff Obj]]/Table3[[#This Row],[vs xMain]] -> 0
A4: 50 | B4: 7 | C4: xLazy | D4: [ 0 1 10 40 45 106 235 314 380 452] | E4: 100000 | F4: 10 | G4: 204.00014 | H4: 204.00014 | I4: 0 | J4: =Table3[[#This Row],[Diff Obj]]/Table3[[#This Row],[vs xMain]] -> 0
A5: 50 | B5: 6 | C5: xLazy | D5: [ 0 1 2 3 4 22 26 417 436 448] | E5: 100000 | F5: 10 | G5: 276.01626 | H5: 275.73229 | I5: 0.2839749 | J5: =Table3[[#This Row],[Diff Obj]]/Table3[[#This Row],[vs xMain]] -> 0.0010298935
A6: 50 | B6: 5 | C6: xLazy | D6: [ 0 1 2 3 12 32 120 156 163 174] | E6: 100000 | F6: 10 | G6: 531 | H6: 531 | I6: 0 | J6: =Table3[[#This Row],[Diff Obj]]/Table3[[#This Row],[vs xMain]] -> 0
A7: 50 | B7: 4 | C7: xLazy | D7: [ 0 6 16 123 159 164 273 311 347 420] | E7: 100000 | F7: 10 | G7: 357.94404 | H7: 357.94404 | I7: 0 | J7: =Table3[[#This Row],[Diff Obj]]/Table3[[#This Row],[vs xMain]] -> 0
A8: 50 | B8: 3 | C8: xLazy | D8: [ 0 2 3 4 5 6 16 50 139 167] | E8: 100000 | F8: 10 | G8: 361 | H8: 360.99829 | I8: 0.0017123347 | J8: =Table3[[#This Row],[Diff Obj]]/Table3[[#This Row],[vs xMain]] -> 4.743332e-06
I10: =AVERAGE(Table3[Diff Obj]) -> 0.040812461 | J10: =AVERAGE(Table3[Column1]) -> 0.00014780526

Sheet N50_SAA
A1: N | B1: Ins | C1: Alg | D1: xSol | E1: numScens | F1: b | G1: Obj | H1: vs xMain | I1: Diff Obj | J1: Column1
A2: 50 | B2: 9 | C2: xSAA | D2: [ 1 4 77 128 244 283 352 427 270 472] | E2: 100000 | F2: 10 | G2: 353.47811 | H2: 353.47811 | I2: 0 | J2: =Table4[[#This Row],[Diff Obj]]/Table4[[#This Row],[vs xMain]] -> 0
A3: 50 | B3: 8 | C3: xSAA | D3: [ 1 2 3 144 148 201 137 232 117 119] | E3: 100000 | F3: 10 | G3: 168 | H3: 168 | I3: 0 | J3: =Table4[[#This Row],[Diff Obj]]/Table4[[#This Row],[vs xMain]] -> 0
A4: 50 | B4: 7 | C4: xSAA | D4: [ 1 2 3 10 314 452 247 461 289 290] | E4: 100000 | F4: 10 | G4: 204.00014 | H4: 204.00014 | I4: 0 | J4: =Table4[[#This Row],[Diff Obj]]/Table4[[#This Row],[vs xMain]] -> 0
A5: 50 | B5: 6 | C5: xSAA | D5: [ 0 1 3 4 22 26 190 436 417 448] | E5: 100000 | F5: 10 | G5: 276.01626 | H5: 275.73229 | I5: 0.2839749 | J5: =Table4[[#This Row],[Diff Obj]]/Table4[[#This Row],[vs xMain]] -> 0.0010298935
A6: 50 | B6: 5 | C6: xSAA | D6: [ 0 1 2 3 4 5 156 157 32 120] | E6: 100000 | F6: 10 | G6: 531 | H6: 531 | I6: 0 | J6: =Table4[[#This Row],[Diff Obj]]/Table4[[#This Row],[vs xMain]] -> 0
A7: 50 | B7: 4 | C7: xSAA | D7: [ 0 1 6 16 159 273 311 347 164 420] | E7: 100000 | F7: 10 | G7: 357.94404 | H7: 357.94404 | I7: 0 | J7: =Table4[[#This Row],[Diff Obj]]/Table4[[#This Row],[vs xMain]] -> 0
A8: 50 | B8: 3 | C8: xSAA | D8: [ 0 42 50 16 122 72 167 139 190 293] | E8: 100000 | F8: 10 | G8: 361 | H8: 360.99829 | I8: 0.0017123347 | J8: =Table4[[#This Row],[Diff Obj]]/Table4[[#This Row],[vs xMain]] -> 4.743332e-06
I10: =AVERAGE(Table4[Diff Obj]) -> 0.040812461 | J10: =AVERAGE(Table4[Column1]) -> 0.00014780526

Sheet N50_SAA-AP
A1: N | B1: Ins | C1: Alg | D1: xSol | E1: numScens | F1: b | G1: Obj | H1: vs xMain | I1: Diff Obj | J1: Column1
A2: 50 | B2: 9 | C2: xSAA_AP | D2: [ 1 4 77 128 244 283 352 427 270 472] | E2: 100000 | F2: 10 | G2: 353.47811 | H2: 353.47811 | I2: 0 | J2: =Table8[[#This Row],[Diff Obj]]/Table8[[#This Row],[vs xMain]] -> 0
A3: 50 | B3: 8 | C3: xSAA_AP | D3: [ 1 2 3 144 148 201 137 232 105 119] | E3: 100000 | F3: 10 | G3: 168 | H3: 168 | I3: 0 | J3: =Table8[[#This Row],[Diff Obj]]/Table8[[#This Row],[vs xMain]] -> 0
A4: 50 | B4: 7 | C4: xSAA_AP | D4: [ 0 1 2 3 4 5 10 45 314 452] | E4: 100000 | F4: 10 | G4: 204.00014 | H4: 204.00014 | I4: 0 | J4: =Table8[[#This Row],[Diff Obj]]/Table8[[#This Row],[vs xMain]] -> 0
A5: 50 | B5: 6 | C5: xSAA_AP | D5: [ 0 1 2 3 4 22 26 436 417 448] | E5: 100000 | F5: 10 | G5: 276.01626 | H5: 275.73229 | I5: 0.2839749 | J5: =Table8[[#This Row],[Diff Obj]]/Table8[[#This Row],[vs xMain]] -> 0.0010298935
A6: 50 | B6: 5 | C6: xSAA_AP | D6: [ 0 1 2 3 4 5 156 32 120 381] | E6: 100000 | F6: 10 | G6: 531 | H6: 531 | I6: 0 | J6: =Table8[[#This Row],[Diff Obj]]/Table8[[#This Row],[vs xMain]] -> 0
A7: 50 | B7: 4 | C7: xSAA_AP | D7: [ 0 6 16 28 159 273 311 347 164 420] | E7: 100000 | F7: 10 | G7: 357.94404 | H7: 357.94404 | I7: 0 | J7: =Table8[[#This Row],[Diff Obj]]/Table8[[#This Row],[vs xMain]] -> 0
A8: 50 | B8: 3 | C8: xSAA_AP | D8: [ 0 2 3 4 5 6 50 16 122 167] | E8: 100000 | F8: 10 | G8: 361 | H8: 360.99829 | I8: 0.0017123347 | J8: =Table8[[#This Row],[Diff Obj]]/Table8[[#This Row],[vs xMain]] -> 4.743332e-06
I10: =AVERAGE(Table8[Diff Obj]) -> 0.040812461 | J10: =AVERAGE(Table8[Column1]) -> 0.00014780526

Sheet N50_Seq
A1: N | B1: Ins | C1: Alg | D1: xSol | E1: numScens | F1: b | G1: Obj | H1: vs xMain | I1: Diff Obj | J1: Column1
A2: 50 | B2: 9 | C2: xSeq | D2: [ 1 4 77 128 244 283 352 427 270 472] | E2: 100000 | F2: 10 | G2: 353.47811 | H2: 353.47811 | I2: 0 | J2: =Table7[[#This Row],[Diff Obj]]/Table7[[#This Row],[vs xMain]] -> 0
A3: 50 | B3: 8 | C3: xSeq | D3: [ 1 2 3 144 148 201 137 232 117 119] | E3: 100000 | F3: 10 | G3: 168 | H3: 168 | I3: 0 | J3: =Table7[[#This Row],[Diff Obj]]/Table7[[#This Row],[vs xMain]] -> 0
A4: 50 | B4: 7 | C4: xSeq | D4: [ 0 1 2 3 4 10 45 314 452 290] | E4: 100000 | F4: 10 | G4: 204.00014 | H4: 204.00014 | I4: 0 | J4: =Table7[[#This Row],[Diff Obj]]/Table7[[#This Row],[vs xMain]] -> 0
A5: 50 | B5: 6 | C5: xSeq | D5: [ 0 1 2 3 4 22 26 436 417 448] | E5: 100000 | F5: 10 | G5: 276.01626 | H5: 275.73229 | I5: 0.2839749 | J5: =Table7[[#This Row],[Diff Obj]]/Table7[[#This Row],[vs xMain]] -> 0.0010298935
A6: 50 | B6: 5 | C6: xSeq | D6: [ 0 1 2 3 4 5 6 156 32 381] | E6: 100000 | F6: 10 | G6: 530.87183 | H6: 531 | I6: -0.12817189 | J6: =Table7[[#This Row],[Diff Obj]]/Table7[[#This Row],[vs xMain]] -> -0.00024137833
A7: 50 | B7: 4 | C7: xSeq | D7: [ 0 6 16 28 159 273 311 347 164 420] | E7: 100000 | F7: 10 | G7: 357.94404 | H7: 357.94404 | I7: 0 | J7: =Table7[[#This Row],[Diff Obj]]/Table7[[#This Row],[vs xMain]] -> 0
A8: 50 | B8: 3 | C8: xSeq | D8: [ 0 1 2 3 50 227 167 139 190 293] | E8: 100000 | F8: 10 | G8: 361 | H8: 360.99829 | I8: 0.0017123347 | J8: =Table7[[#This Row],[Diff Obj]]/Table7[[#This Row],[vs xMain]] -> 4.743332e-06
I10: =AVERAGE(Table7[Diff Obj]) -> 0.022502191 | J10: =AVERAGE(Table7[Column1]) -> 0.00011332264

Sheet Sheet4
B3: Column Labels
B4: xLazy | D4: xSAA | F4: xSAA_AP | H4: xSeq | J4: Total Count of Diff Obj | K4: Total Average of Diff Obj2
A5: Row Labels | B5: Count of Diff Obj | C5: Average of Diff Obj2 | D5: Count of Diff Obj | E5: Average of Diff Obj2 | F5: Count of Diff Obj | G5: Average of Diff Obj2 | H5: Count of Diff Obj | I5: Average of Diff Obj2
A6: 30 | B6: 9 | C6: 0 | D6: 9 | E6: 0 | F6: 9 | G6: 0 | H6: 9 | I6: 0 | J6: 36 | K6: 0
A7: 40 | B7: 8 | C7: 0 | D7: 8 | E7: -0.0048244981 | F7: 8 | G7: -0.00053390713 | H7: 8 | I7: -0.010314445 | J7: 32 | K7: -0.0039182125
A8: 50 | B8: 7 | C8: 0.040812461 | D8: 7 | E8: 0.040812461 | F8: 7 | G8: 0.040812461 | H8: 7 | I8: 0.022502191 | J8: 28 | K8: 0.036234894
A9: Grand Total | B9: 24 | C9: 0.011903635 | D9: 24 | E9: 0.010295469 | F9: 24 | G9: 0.011725666 | H9: 24 | I9: 0.0031249908 | J9: 96 | K9: 0.0092624399

Sheet Sheet2
B1: N | C1: Ins | D1: Alg | E1: xSol | F1: numScens | G1: b | H1: Obj
A2: =B2&C2 -> 301 | B2: 30 | C2: 1 | D2: xMain | E2: [ 0 1 2 3 4 5 6 32 63 85] | F2: 100000 | G2: 10 | H2: 564.13479
A3: =B3&C3 -> 302 | B3: 30 | C3: 2 | D3: xMain | E3: [ 0 1 2 15 17 55 59 101 110 119] | F3: 100000 | G3: 10 | H3: 463.72987
A4: =B4&C4 -> 303 | B4: 30 | C4: 3 | D4: xMain | E4: [ 0 1 2 3 4 76 79 84 91 141] | F4: 100000 | G4: 10 | H4: 275
A5: =B5&C5 -> 304 | B5: 30 | C5: 4 | D5: xMain | E5: [ 0 1 4 7 26 91 126 132 152 159] | F5: 100000 | G5: 10 | H5: 397.00173
A6: =B6&C6 -> 305 | B6: 30 | C6: 5 | D6: xMain | E6: [ 1 2 34 37 38 39 50 53 69 176] | F6: 100000 | G6: 10 | H6: 321.3998
A7: =B7&C7 -> 307 | B7: 30 | C7: 7 | D7: xMain | E7: [ 0 1 2 3 4 5 6 9 133 164] | F7: 100000 | G7: 10 | H7: 388
A8: =B8&C8 -> 308 | B8: 30 | C8: 8 | D8: xMain | E8: [ 0 1 2 3 4 5 6 39 75 172] | F8: 100000 | G8: 10 | H8: 330
A9: =B9&C9 -> 309 | B9: 30 | C9: 9 | D9: xMain | E9: [ 0 1 2 3 127 134 146 155 161 163] | F9: 100000 | G9: 10 | H9: 371.00941
A10: =B10&C10 -> 3010 | B10: 30 | C10: 10 | D10: xMain | E10: [ 0 1 2 25 38 52 67 70 98 153] | F10: 100000 | G10: 10 | H10: 688.06319
A11: =B11&C11 -> 401 | B11: 40 | C11: 1 | D11: xMain | E11: [ 0 1 40 59 90 205 243 254 277 320] | F11: 100000 | G11: 10 | H11: 509.2327
A12: =B12&C12 -> 402 | B12: 40 | C12: 2 | D12: xMain | E12: [ 0 2 4 57 165 170 253 272 289 299] | F12: 100000 | G12: 10 | H12: 496.95441
A13: =B13&C13 -> 403 | B13: 40 | C13: 3 | D13: xMain | E13: [ 1 2 6 50 60 135 139 155 157 177] | F13: 100000 | G13: 10 | H13: 454.51928
... A25: =B25&C25 -> 509 | B25: 50 | C25: 9 | D25: xMain | E25: [ 1 4 77 128 244 270 283 352 427 472] | F25: 100000 | G25: 10 | H25: 353.47811
A26: =B26&C26
A27: =B27&C27
A28: =B28&C28
A29: =B29&C29
A30: =B30&C30
A31: =B31&C31
A32: =B32&C32
A33: =B33&C33
A34: =B34&C34
A35: =B35&C35
A36: =B36&C36
A37: =B37&C37
... A103: =B103&C103
